source,parent_category,subcategory,Answer,NewCat,NewSubCat
Tesco,Baby & Toddler,Baby & Toddler Food,351,Baby & Toddler,Baby Food
Tesco,Baby & Toddler,Baby & Toddler Milk,66,Baby & Toddler,Baby Milk & Formula
Tesco,Baby & Toddler,Baby & Toddler Toiletries,141,Baby & Toddler,Baby Toiletries
Tesco,Baby & Toddler,Baby & Toddler Wipes,32,Baby & Toddler,Baby Wipes & Changing
Tesco,Baby & Toddler,Baby Bottles & Accessories,45,Baby & Toddler,Feeding Accessories
Tesco,Baby & Toddler,Baby Laundry,36,Baby & Toddler,Baby Laundry
Tesco,Baby & Toddler,Baby Weaning & Accessories,46,Baby & Toddler,Feeding Accessories
Tesco,Baby & Toddler,"Baby, Toddler & Kids Healthcare",103,Baby & Toddler,Baby Healthcare
Tesco,Baby & Toddler,Breast Feeding Accessories,10,Baby & Toddler,Feeding Accessories
Tesco,Baby & Toddler,Dummies & Teething,48,Baby & Toddler,Dummies & Teethers
Tesco,Baby & Toddler,Mum to Be,21,Baby & Toddler,Maternity
Tesco,Baby & Toddler,Nappies & Pants,141,Baby & Toddler,Nappies & Training
Tesco,Baby & Toddler,Nursery Furniture & Accessories,3,Baby & Toddler,Nursery
Tesco,Baby & Toddler,Pushchairs & Car Safety,2,Baby & Toddler,Travel Systems
Tesco,Baby & Toddler,Sterilising & Antibacterial,10,Baby & Toddler,Sterilising
Tesco,Baby & Toddler,Toilet Training,2,Baby & Toddler,Nappies & Training
Tesco,Baby & Toddler,Toys & Nursery Accessories,41,Baby & Toddler,Baby Toys & Accessories
Waitrose,"Baby, Child & Parent",Baby & Child Healthcare,25,Baby & Toddler,Baby Healthcare
Waitrose,"Baby, Child & Parent",Baby & Child Toys,35,Baby & Toddler,Baby Toys & Accessories
Waitrose,"Baby, Child & Parent",Baby & Toddler Food,170,Baby & Toddler,Baby Food
Waitrose,"Baby, Child & Parent","Baby Toys, Clothing & Laundry",35,Baby & Toddler,Baby Toys & Accessories
Waitrose,"Baby, Child & Parent",Bathtime & Toiletries,44,Baby & Toddler,Baby Toiletries
Waitrose,"Baby, Child & Parent",Bottles & Breast Feeding Accessories,22,Baby & Toddler,Feeding Accessories
Waitrose,"Baby, Child & Parent",Milk & Formula,46,Baby & Toddler,Baby Milk & Formula
Waitrose,"Baby, Child & Parent",Nappies & Potty Training,47,Baby & Toddler,Nappies & Training
Waitrose,"Baby, Child & Parent",Waitrose Mini,6,Baby & Toddler,Waitrose Mini
Waitrose,"Baby, Child & Parent",Wipes & Changing,35,Baby & Toddler,Baby Wipes & Changing
Tesco,Bakery,Bread & Rolls,193,Bakery,Bread & Rolls
Tesco,Bakery,"Cakes, Cake Bars, Slices & Pies",254,Bakery,Cakes & Patisserie
Tesco,Bakery,"Croissants, Brioche & Pastries",39,Bakery,Pastries
Tesco,Bakery,"Crumpets, Muffins & Pancakes",43,Bakery,Breakfast Bakery
Tesco,Bakery,"Doughnuts, Cookies & Muffins",34,Bakery,"Doughnuts, Cookies & Muffins"
Tesco,Bakery,Finest Bakery,87,Bakery,Premium Bakery
Tesco,Bakery,Free From Bakery,102,Bakery,Free From Bakery
Tesco,Bakery,From Our Bakery,91,Bakery,Bread & Rolls
Tesco,Bakery,"Teacakes, Fruit Loaves & Scones",23,Bakery,Breakfast Bakery
Tesco,Bakery,"Wraps, Pittas, Naan & Thins",75,Bakery,Wraps & Flatbreads
Waitrose,Bakery,"Baguettes, Ciabatta & Continental Breads",29,Bakery,Bread & Rolls
Waitrose,Bakery,Birthday & Celebration Cakes,43,Bakery,Cakes & Patisserie
Waitrose,Bakery,Bread,110,Bakery,Bread & Rolls
Waitrose,Bakery,Cakes & Tarts,175,Bakery,Cakes & Patisserie
Waitrose,Bakery,"Croissants, Brioche & Pastries",29,Bakery,Pastries
Waitrose,Bakery,"Crumpets, Pancakes & Waffles",28,Bakery,Breakfast Bakery
Waitrose,Bakery,"Doughnuts, Muffins & Cookies",31,Bakery,"Doughnuts, Cookies & Muffins"
Waitrose,Bakery,Fresh Bread,33,Bakery,Bread & Rolls
Waitrose,Bakery,Part Baked Bread & Rolls,9,Bakery,Bread & Rolls
Waitrose,Bakery,Patisserie,30,Bakery,Cakes & Patisserie
Waitrose,Bakery,"Rolls, Bagels & Thins",40,Bakery,Bread & Rolls
Waitrose,Bakery,"Teacakes, Fruit Loaves & Scones",29,Bakery,Breakfast Bakery
Waitrose,Bakery,"Wraps, Tortillas & Pitta Bread",15,Bakery,Wraps & Flatbreads
Waitrose,"Beer, Wine & Spirits",Alcohol Free and Low Alcohol Drinks,74,"Beer, Wine & Spirits",Low & No Alcohol
Waitrose,"Beer, Wine & Spirits",Beer,315,"Beer, Wine & Spirits",Beer & Cider
Waitrose,"Beer, Wine & Spirits",Champagne & Sparkling Wine,103,"Beer, Wine & Spirits",Sparkling Wine & Champagne
Waitrose,"Beer, Wine & Spirits",Cider,68,"Beer, Wine & Spirits",Beer & Cider
Waitrose,"Beer, Wine & Spirits",Gifts,66,"Beer, Wine & Spirits",Alcohol Gifts
Waitrose,"Beer, Wine & Spirits",Glassware & Barware,5,Drop,Glassware & Barware
Waitrose,"Beer, Wine & Spirits","Ice Cubes, Lemons & Limes",11,Drop,"Ice Cubes, Lemons & Limes"
Waitrose,"Beer, Wine & Spirits",Spirits & Liqueurs,467,"Beer, Wine & Spirits",Spirits & Liqueurs
Waitrose,"Beer, Wine & Spirits",Tonic & Mixers,53,"Tea, Coffee & Soft Drinks",Mixers & Adult Soft Drinks
Waitrose,"Beer, Wine & Spirits",Wine,818,"Beer, Wine & Spirits",Wine
Waitrose,Best of British,Dairy and Eggs,120,Drop,Dairy and Eggs
Waitrose,Best of British,Fruit and Vegetables,52,Drop,Fruit and Vegetables
Waitrose,Best of British,Meat and Fish,155,Drop,Meat and Fish
Waitrose,BrandsNew,All Things Butter,2,Drop,All Things Butter
Waitrose,BrandsNew,Bang! Curry Kits,4,Drop,Bang! Curry Kits
Waitrose,BrandsNew,Blue Turaco,2,Drop,Blue Turaco
Waitrose,BrandsNew,Dr Vegan,4,Drop,Dr Vegan
Waitrose,BrandsNew,Gymkhana Sauces,6,Drop,Gymkhana Sauces
Waitrose,BrandsNew,Hackney Gelato,3,Drop,Hackney Gelato
Waitrose,BrandsNew,Keto Hana,2,Drop,Keto Hana
Waitrose,BrandsNew,Luscombe Drinks,3,Drop,Luscombe Drinks
Waitrose,BrandsNew,Ottolenghi,13,Drop,Ottolenghi
Waitrose,BrandsNew,Spruce Modern Squash,2,Drop,Spruce Modern Squash
Waitrose,BrandsNew,Surreal,2,Drop,Surreal
Waitrose,BrandsNew,Tishoo,2,Drop,Tishoo
Waitrose,BrandsNew,Wildfarmed,8,Drop,Wildfarmed
Waitrose,BrandsNew,Yumma Candy,2,Drop,Yumma Candy
Waitrose,BrandsNew,Zoe Daily 30+,2,Drop,Zoe Daily 30+
Waitrose,Dietary & Lifestyle,30 Plants a Week,6,Drop,30 Plants a Week
Waitrose,Dietary & Lifestyle,Alcohol Free and Low Alcohol Drinks,60,Drop,Alcohol Free and Low Alcohol Drinks
Waitrose,Dietary & Lifestyle,B Corp,796,Drop,B Corp
Waitrose,Dietary & Lifestyle,Fairtrade,125,Drop,Fairtrade
Waitrose,Dietary & Lifestyle,Free From,469,Drop,Free From
Waitrose,Dietary & Lifestyle,Functional & Wellness Drinks,24,Drop,Functional & Wellness Drinks
Waitrose,Dietary & Lifestyle,Healthy Options,847,Drop,Healthy Options
Waitrose,Dietary & Lifestyle,Kosher,84,Drop,Kosher
Waitrose,Dietary & Lifestyle,Meat Free,90,Drop,Meat Free
Waitrose,Dietary & Lifestyle,Plant Living,17,Drop,Plant Living
Waitrose,Dietary & Lifestyle,Vegan,530,Drop,Vegan
Waitrose,Dietary & Lifestyle,Vegetarian,408,Drop,Vegetarian
Tesco,Drinks,Adult Soft Drinks & Mixers,150,"Tea, Coffee & Soft Drinks",Mixers & Adult Soft Drinks
Tesco,Drinks,Alcohol Free & Low Alcohol Drinks,36,"Beer, Wine & Spirits",Low & No Alcohol
Tesco,Drinks,Alcohol Gift Sets,16,"Beer, Wine & Spirits",Alcohol Gifts
Tesco,Drinks,Beer & Cider,465,"Beer, Wine & Spirits",Beer & Cider
Tesco,Drinks,Coffee,309,"Tea, Coffee & Soft Drinks",Coffee
Tesco,Drinks,Finest Drinks,95,"Tea, Coffee & Soft Drinks",Finest Drinks
Tesco,Drinks,Fizzy & Soft Drinks,206,"Tea, Coffee & Soft Drinks",Fizzy Drinks
Tesco,Drinks,Hot Chocolate & Malted Drinks,43,"Tea, Coffee & Soft Drinks",Hot Chocolate & Malt Drinks
Tesco,Drinks,"Juices, Smoothies & Wellness Drinks",225,"Tea, Coffee & Soft Drinks",Functional & Wellness Drinks
Tesco,Drinks,Kids Drinks,90,"Tea, Coffee & Soft Drinks",Kids Drinks
Tesco,Drinks,Milk & Milkshakes,231,"Tea, Coffee & Soft Drinks",Milkshakes & Flavoured Milk
Tesco,Drinks,"Mugs, Glasses & Water Bottles",106,"Tea, Coffee & Soft Drinks","Mugs, Glasses & Water Bottles"
Tesco,Drinks,On The Go Drinks,62,"Tea, Coffee & Soft Drinks",On The Go Drinks
Tesco,Drinks,Ready To Drink Wine & Spirits,111,"Beer, Wine & Spirits",Ready to Drink
Tesco,Drinks,Spirits,481,"Beer, Wine & Spirits",Spirits & Liqueurs
Tesco,Drinks,Sports & Energy Drinks,134,"Tea, Coffee & Soft Drinks",Sports & Energy Drinks
Tesco,Drinks,Squash & Cordial,107,"Tea, Coffee & Soft Drinks",Squash & Cordials
Tesco,Drinks,Tea,190,"Tea, Coffee & Soft Drinks",Tea
Tesco,Drinks,Water,98,"Tea, Coffee & Soft Drinks",Water
Tesco,Drinks,Wine,354,"Beer, Wine & Spirits",Wine
Waitrose,Everyday Value,Bakery & Deli,5,Drop,Bakery & Deli
Waitrose,Everyday Value,Chilled Meat & Fish,13,Drop,Chilled Meat & Fish
Waitrose,Everyday Value,Dairy & Eggs,28,Drop,Dairy & Eggs
Waitrose,Everyday Value,Food Cupboard,39,Drop,Food Cupboard
Waitrose,Everyday Value,Frozen,3,Drop,Frozen
Waitrose,Everyday Value,Health & Beauty,3,Drop,Health & Beauty
Waitrose,Everyday Value,Pet & Household,29,Drop,Pet & Household
Waitrose,Everyday Value,"Tea, Coffee & Soft Drinks",8,Drop,"Tea, Coffee & Soft Drinks"
Tesco,Food Cupboard,Biscuits & Cereal Bars,363,Treats & Snacks,"Biscuits, Crackers & Cereal Bars"
Tesco,Food Cupboard,Cereals,350,Food Cupboard,Cereals
Tesco,Food Cupboard,"Chocolate, Sweets, Mints & Chewing Gum",430,Treats & Snacks,Chocolate & Sweets
Tesco,Food Cupboard,Cooking Ingredients,480,Food Cupboard,Baking Ingredients
Tesco,Food Cupboard,"Cooking Sauces, Meal Kits & Sides",480,Food Cupboard,Cooking Sauces & Meal Kits
Tesco,Food Cupboard,Crackers & Crispbreads,111,Treats & Snacks,"Biscuits, Crackers & Cereal Bars"
Tesco,Food Cupboard,"Crisps, Snacks, Nuts & Popcorn",397,Treats & Snacks,"Crisps, Snacks & Nuts"
Tesco,Food Cupboard,Desserts,149,Food Cupboard,Frozen Desserts & Ice Cream
Tesco,Food Cupboard,"Dried Fruit, Nuts, Nutrient Powders & Seeds",300,Food Cupboard,"Nuts, Seeds & Dried Fruit (Snacks)"
Tesco,Food Cupboard,"Dried Pasta, Rice, Noodles & Cous Cous",338,Food Cupboard,"Pasta, Rice & Grains"
Tesco,Food Cupboard,Finest Food Cupboard,105,Food Cupboard,Premium Food Cupboard
Tesco,Food Cupboard,Free From,401,Food Cupboard,Free From (Cupboard)
Tesco,Food Cupboard,Home Baking & Sugar,480,Food Cupboard,Baking Ingredients
Tesco,Food Cupboard,Instant Noodles & Easy Meals,236,Food Cupboard,Instant Meals & Noodles
Tesco,Food Cupboard,"Jams, Sweet & Savoury Spreads",169,Food Cupboard,Jams & Spreads
Tesco,Food Cupboard,"Table Sauces, Olives, Pickles & Chutney",427,Food Cupboard,"Pickles, Olives & Chutney"
Tesco,Food Cupboard,"Tins, Cans & Packets",480,Food Cupboard,Canned Goods & Packets
Tesco,Food Cupboard,World Foods,480,Food Cupboard,World Foods (Chilled)
Waitrose,Food Cupboard,Biscuits & Crackers,448,Treats & Snacks,"Biscuits, Crackers & Cereal Bars"
Waitrose,Food Cupboard,Breakfast Cereal,368,Food Cupboard,Cereals
Waitrose,Food Cupboard,Chocolate & Sweets,485,Treats & Snacks,Chocolate & Sweets
Waitrose,Food Cupboard,"Condiments, Dressings & Marinades",240,Food Cupboard,"Condiments, Sauces & Oils"
Waitrose,Food Cupboard,Cooking Sauces & Meal Kits,393,Food Cupboard,Cooking Sauces & Meal Kits
Waitrose,Food Cupboard,"Crisps, Snacks & Nuts",626,Treats & Snacks,"Crisps, Snacks & Nuts"
Waitrose,Food Cupboard,Desserts,69,Food Cupboard,Frozen Desserts & Ice Cream
Waitrose,Food Cupboard,"Dried Herbs, Oils & Vinegar",438,Food Cupboard,"Condiments, Sauces & Oils"
Waitrose,Food Cupboard,"Jam, Honey & Spreads",194,Food Cupboard,Jams & Spreads
Waitrose,Food Cupboard,"Jarred Goods, Pickles & Olives",112,Food Cupboard,"Pickles, Olives & Chutney"
Waitrose,Food Cupboard,"Rice, Pasta & Pulses",260,Food Cupboard,"Pasta, Rice & Grains"
Waitrose,Food Cupboard,Sugar & Home Baking,402,Food Cupboard,Baking Ingredients
Waitrose,Food Cupboard,"Tins, Cans & Packets",464,Food Cupboard,Canned Goods & Packets
Waitrose,Fresh & Chilled,Cheese,325,Fresh & Chilled,Cheese
Waitrose,Fresh & Chilled,Chilled Fish & Seafood,151,Fresh & Chilled,Chilled Fish & Seafood
Waitrose,Fresh & Chilled,"Chilled Juice, Smoothies & Drinks",191,Fresh & Chilled,Chilled Juice & Smoothies
Waitrose,Fresh & Chilled,"Cooked Meats, Deli & Dips",334,Fresh & Chilled,"Cooked Meats, Deli & Dips"
Waitrose,Fresh & Chilled,Desserts,157,Fresh & Chilled,Frozen Desserts & Ice Cream
Waitrose,Fresh & Chilled,Easy To Cook Meals,138,Fresh & Chilled,Ready Meals & Easy Cook
Waitrose,Fresh & Chilled,Food To Go,250,Fresh & Chilled,Food To Go & Soups
Waitrose,Fresh & Chilled,Fresh Chicken & Poultry,117,Fresh & Chilled,Fresh Meat & Poultry
Waitrose,Fresh & Chilled,Fresh Fruit,168,Fresh & Chilled,Fresh Fruit
Waitrose,Fresh & Chilled,Fresh Meat,410,Fresh & Chilled,Fresh Meat & Poultry
Waitrose,Fresh & Chilled,Fresh Pasta & Sauces,61,Fresh & Chilled,"Fresh Pizza, Pasta & Sauces"
Waitrose,Fresh & Chilled,Fresh Pizza & Garlic Bread,50,Fresh & Chilled,"Fresh Pizza, Pasta & Sauces"
Waitrose,Fresh & Chilled,Fresh Salad & Herbs,196,Fresh & Chilled,Fresh Salads & Herbs
Waitrose,Fresh & Chilled,Fresh Soups,50,Fresh & Chilled,Food To Go & Soups
Waitrose,Fresh & Chilled,Fresh Vegetables,324,Fresh & Chilled,Fresh Vegetables
Waitrose,Fresh & Chilled,In Season Fruit & Vegetables,155,Fresh & Chilled,Fresh Fruit & Vegetables
Waitrose,Fresh & Chilled,"Milk, Butter & Eggs",351,Fresh & Chilled,"Milk, Butter & Eggs"
Waitrose,Fresh & Chilled,Ready Meals,385,Fresh & Chilled,Frozen Ready Meals
Waitrose,Fresh & Chilled,Vegan,211,Fresh & Chilled,Frozen Vegetarian & Vegan
Waitrose,Fresh & Chilled,Vegetarian Food,236,Fresh & Chilled,Chilled Vegetarian & Vegan
Waitrose,Fresh & Chilled,Yogurts,266,Fresh & Chilled,Yogurts (Snacks)
Tesco,Fresh Food,Cheese,315,Fresh & Chilled,Cheese
Tesco,Fresh Food,Chilled Desserts,219,Fresh & Chilled,Chilled Desserts
Tesco,Fresh Food,Chilled Fish & Seafood,137,Fresh & Chilled,Chilled Fish & Seafood
Tesco,Fresh Food,"Chilled Soup, Sandwiches & Salad Pots",179,Fresh & Chilled,Food To Go & Soups
Tesco,Fresh Food,Chilled Vegetarian & Vegan,160,Fresh & Chilled,Chilled Vegetarian & Vegan
Tesco,Fresh Food,"Cooked Meats, Antipasti & Dips",364,Fresh & Chilled,"Cooked Meats, Deli & Dips"
Tesco,Fresh Food,Dairy Free & Dairy Alternatives,191,Fresh & Chilled,Dairy Alternatives
Tesco,Fresh Food,Deli Counter,79,Fresh & Chilled,"Cooked Meats, Deli & Dips"
Tesco,Fresh Food,Finest Fresh Food,362,Fresh & Chilled,Premium Fresh Food
Tesco,Fresh Food,Fresh Fruit,210,Fresh & Chilled,Fresh Fruit
Tesco,Fresh Food,Fresh Meat & Poultry,480,Fresh & Chilled,Fresh Meat & Poultry
Tesco,Fresh Food,"Fresh Pizza, Pasta & Garlic Bread",127,Fresh & Chilled,"Fresh Pizza, Pasta & Sauces"
Tesco,Fresh Food,"Fresh Salad, Coleslaw & Sandwich Fillers",216,Fresh & Chilled,Fresh Salads & Herbs
Tesco,Fresh Food,Fresh Vegetables & Fresh Flowers,283,Fresh & Chilled,Fresh Vegetables
Tesco,Fresh Food,Juice & Smoothies,144,Fresh & Chilled,Chilled Juice & Smoothies
Tesco,Fresh Food,"Milk, Butter & Eggs",407,Fresh & Chilled,"Milk, Butter & Eggs"
Tesco,Fresh Food,"Pies, Pasties, Quiches & Snacking",203,Fresh & Chilled,"Pies, Quiches & Savoury Snacks"
Tesco,Fresh Food,Ready Meals,341,Fresh & Chilled,Frozen Ready Meals
Tesco,Fresh Food,Taste Discoveries,7,Fresh & Chilled,Taste Discoveries
Tesco,Fresh Food,Uptown Diner ,7,Fresh & Chilled,Uptown Diner 
Tesco,Fresh Food,World Foods,60,Fresh & Chilled,World Foods (Chilled)
Tesco,Fresh Food,Yogurts,302,Fresh & Chilled,Yogurts (Snacks)
Tesco,Frozen Food,"Chips, Potatoes & Sides",74,Frozen,Frozen Sides & Potatoes
Tesco,Frozen Food,Desserts,59,Frozen,Frozen Desserts & Ice Cream
Tesco,Frozen Food,Finest Frozen Food,36,Frozen,Premium Frozen Food
Tesco,Frozen Food,Fish & Seafood,88,Frozen,Frozen Fish & Seafood
Tesco,Frozen Food,Free From & Gluten Free,53,Frozen,Frozen Free From
Tesco,Frozen Food,Fruit & Pastry,34,Frozen,Frozen Fruit & Pastry
Tesco,Frozen Food,Ice Cream & Lollies,267,Frozen,Frozen Desserts & Ice Cream
Tesco,Frozen Food,Ice Cubes,9,Frozen,Ice Cubes
Tesco,Frozen Food,Meat & Poultry,110,Frozen,Frozen Meat & Poultry
Tesco,Frozen Food,Party Foods,58,Frozen,Frozen Party Food
Tesco,Frozen Food,"Pies, Bakes & Sausage Rolls",25,Frozen,Frozen Pies & Pastry
Tesco,Frozen Food,Pizza & Garlic Bread,65,Frozen,Frozen Pizza & Garlic Bread
Tesco,Frozen Food,Ready Meals,132,Frozen,Frozen Ready Meals
Tesco,Frozen Food,Vegan,65,Frozen,Frozen Vegetarian & Vegan
Tesco,Frozen Food,Vegetables,62,Frozen,Frozen Vegetables
Tesco,Frozen Food,Vegetarian,89,Frozen,Frozen Vegetarian & Vegan
Tesco,Frozen Food,World Foods & Halal,19,Frozen,Frozen World Foods & Halal
Tesco,Frozen Food,Yorkshire Puddings & Stuffing,10,Frozen,Frozen Sides & Potatoes
Tesco,Health & Beauty,Body Skincare,160,Health & Beauty,"Bath, Shower & Body Care"
Tesco,Health & Beauty,Conditioner,221,Health & Beauty,Hair Care
Tesco,Health & Beauty,Deodorants,267,Health & Beauty,Deodorants & Body Sprays
Tesco,Health & Beauty,Face Skincare,419,Health & Beauty,Facial Skincare
Tesco,Health & Beauty,Hair Colourants & Dyes,289,Health & Beauty,Hair Care
Tesco,Health & Beauty,Haircare & Styling,431,Health & Beauty,Hair Care
Tesco,Health & Beauty,Kid's Zone,121,Health & Beauty,Kid's Zone
Tesco,Health & Beauty,Lifestyle & Wellbeing,435,Health & Beauty,Health & Pharmacy
Tesco,Health & Beauty,Makeup & Accessories,483,Health & Beauty,Makeup & Accessories
Tesco,Health & Beauty,Medicine,479,Health & Beauty,Health & Pharmacy
Tesco,Health & Beauty,Men's Toiletries,369,Health & Beauty,Men's Toiletries
Tesco,Health & Beauty,Menopause,358,Health & Beauty,Women's Health & Toiletries
Tesco,Health & Beauty,"Perfumes, Aftershaves & Gift Sets",92,Health & Beauty,Fragrance & Gifting
Tesco,Health & Beauty,Shampoo,244,Health & Beauty,Hair Care
Tesco,Health & Beauty,"Shower, Bath & Hand Hygiene",243,Health & Beauty,"Bath, Shower & Body Care"
Tesco,Health & Beauty,Suncare & Travel,277,Health & Beauty,Suncare & Travel
Tesco,Health & Beauty,"Toothpaste, Mouthwash & Toothbrush",243,Health & Beauty,Dental Care
Tesco,Health & Beauty,"Vitamins, Minerals & Supplements",333,Health & Beauty,Health & Pharmacy
Tesco,Health & Beauty,Women's Toiletries,480,Health & Beauty,Women's Health & Toiletries
Waitrose,Home,Bath & Bathroom Accessories,35,Home,Bathroom Accessories & Towels
Waitrose,Home,Bedding,5,Home,Bedding
Waitrose,Home,Candles & Home Fragrance,104,Home,Home Fragrance
Waitrose,Home,"Cards, Gifts & Party",190,Home,"Cards, Gifts & Party"
Waitrose,Home,Cook & Dine,172,Home,Cookware & Dining
Waitrose,Home,Electricals,50,Home,Electricals & Office
Waitrose,Home,Fresh Flowers & Plants,20,Home,"Flowers, Plants & Outdoor"
Waitrose,Home,Garden & Outdoor,55,Home,"Flowers, Plants & Outdoor"
Waitrose,Home,Home Accessories,7,Home,Home Accessories
Waitrose,Home,Newsagent & Tobacconist,314,Home,"News, Books & Tobacco"
Waitrose,Home,Reusable Bags,14,Home,Reusable Bags
Waitrose,Home,"Sewing, Clothes Care & Repair",38,Home,Utility & Clothes Care
Waitrose,Home,"Stationery, Home Office & Electricals",65,Home,Electricals & Office
Waitrose,Home,Toys,2,Home,Toys & Games
Waitrose,Home,Utility,3,Home,Utility & Clothes Care
Tesco,Home & Ents,Bathroom Accessories & Towels,196,Home,Bathroom Accessories & Towels
Tesco,Home & Ents,Batteries,57,Home,Batteries
Tesco,Home & Ents,Bedding,374,Home,Bedding
Tesco,Home & Ents,Books,197,Home,"News, Books & Tobacco"
Tesco,Home & Ents,Cooking & Dining,482,Home,Cookware & Dining
Tesco,Home & Ents,DIY & Car Care,273,Home,DIY & Car Care
Tesco,Home & Ents,Electrical,320,Home,Electricals & Office
Tesco,Home & Ents,F&F Home,480,Home,F&F Home
Tesco,Home & Ents,Fresh Flowers,13,Home,"Flowers, Plants & Outdoor"
Tesco,Home & Ents,Furniture,2,Home,Furniture
Tesco,Home & Ents,Garden & Outdoor,199,Home,"Flowers, Plants & Outdoor"
Tesco,Home & Ents,Greeting Cards,119,Home,"Cards, Gifts & Party"
Tesco,Home & Ents,Home Accessories,480,Home,Home Accessories
Tesco,Home & Ents,Paperchase,27,Home,Paperchase
Tesco,Home & Ents,Party & Giftwrap,243,Home,"Cards, Gifts & Party"
Tesco,Home & Ents,Sports & Leisure,35,Home,Sports & Leisure
Tesco,Home & Ents,"Stationery, Arts & Crafts",480,Home,Stationery & Crafts
Tesco,Home & Ents,Tobacco & Alternatives,357,Home,"News, Books & Tobacco"
Tesco,Home & Ents,Toys & Games,58,Home,Toys & Games
Tesco,Household,Air Fresheners & Home Fragrance,348,Household,Air Fresheners
Tesco,Household,Bathroom Cleaners & Toilet Care,131,Household,Toilet & Bathroom Cleaners
Tesco,Household,"Brushes, Mops & Buckets",19,Household,Cleaning Equipment
Tesco,Household,Cleaning,325,Household,Household Cleaning
Tesco,Household,Dishwashing,109,Household,Dishwashing
Tesco,Household,Facial Tissue & Hand Wipes,40,Household,Tissues & Wipes
Tesco,Household,Food Storage,48,Household,Food Storage & Wraps
Tesco,Household,Household Essentials,223,Household,Household Cleaning
Tesco,Household,Kitchen Cleaners,128,Household,Household Cleaning
Tesco,Household,Kitchen Roll,24,Household,Kitchen Roll
Tesco,Household,Laundry,325,Household,Laundry
Tesco,Household,Lightbulbs,4,Household,Lightbulbs
Tesco,Household,Passover,9,Household,Passover
Tesco,Household,Toilet Roll,46,Household,Toilet Roll
Waitrose,Household,Bin Bags,14,Household,Bin Bags
Waitrose,Household,Candles & Air Fresheners,185,Household,Air Fresheners
Waitrose,Household,Cleaning Cupboard,266,Household,Household Cleaning
Waitrose,Household,"Cling Film, Foils & Food Storage",44,Household,Food Storage & Wraps
Waitrose,Household,Dishwashing,127,Household,Dishwashing
Waitrose,Household,Eco Friendly,77,Household,Eco Friendly Cleaning
Waitrose,Household,General Household,112,Household,Household Cleaning
Waitrose,Household,Kitchen Rolls,18,Household,Kitchen Roll
Waitrose,Household,Light Bulbs,41,Household,Lightbulbs
Waitrose,Household,Tissues,18,Household,Tissues & Wipes
Waitrose,Household,Toilet Rolls,39,Household,Toilet Roll
Waitrose,New,Drinks,112,Drop,Drinks
Waitrose,New,Food Cupboard,116,Drop,Food Cupboard
Waitrose,New,Free From & Specialist Eating,1,Drop,Free From & Specialist Eating
Waitrose,New,"Fresh, Chilled & Bakery",96,Drop,"Fresh, Chilled & Bakery"
Waitrose,New,Frozen,68,Drop,Frozen
Waitrose,New,Household & Family,167,Drop,Household & Family
Waitrose,New,"Toiletries, Health & Beauty",159,Drop,"Toiletries, Health & Beauty"
Waitrose,Organic Shop,Baby,52,Drop,Baby
Waitrose,Organic Shop,Bakery,7,Drop,Bakery
Waitrose,Organic Shop,Beauty,48,Drop,Beauty
Waitrose,Organic Shop,"Beer, Wine & Spirits",51,Drop,"Beer, Wine & Spirits"
Waitrose,Organic Shop,Duchy Organic,218,Drop,Duchy Organic
Waitrose,Organic Shop,Food Cupboard,154,Drop,Food Cupboard
Waitrose,Organic Shop,Free From,20,Drop,Free From
Waitrose,Organic Shop,Fresh & Chilled,198,Drop,Fresh & Chilled
Waitrose,Organic Shop,Frozen,8,Drop,Frozen
Waitrose,Organic Shop,"Tea, Coffee & Soft Drinks",56,Drop,"Tea, Coffee & Soft Drinks"
Waitrose,Pet,Bird Food,3,Pet,Small Pet & Bird Supplies
Waitrose,Pet,Cats,180,Pet,Cat Supplies
Waitrose,Pet,Dogs,219,Pet,Dog Supplies
Waitrose,Pet,Shop By Brand,205,Pet,Shop By Brand
Waitrose,Pet,Treats,113,Pet,Pet Treats
Tesco,Pets,Cat Food & Accessories,285,Pet,Cat Supplies
Tesco,Pets,Dog Food & Accessories,416,Pet,Dog Supplies
Tesco,Pets,Pet Cleaning,3,Pet,Pet Cleaning
Tesco,Pets,"Small Animal, Fish & Bird",42,Pet,Small Pet & Bird Supplies
Waitrose,"Tea, Coffee & Soft Drinks",Adult Drinks & Mixers,179,"Tea, Coffee & Soft Drinks",Mixers & Adult Soft Drinks
Waitrose,"Tea, Coffee & Soft Drinks",Coffee,313,"Tea, Coffee & Soft Drinks",Coffee
Waitrose,"Tea, Coffee & Soft Drinks",Fizzy Drinks,136,"Tea, Coffee & Soft Drinks",Fizzy Drinks
Waitrose,"Tea, Coffee & Soft Drinks",Functional & Wellness Drinks,39,"Tea, Coffee & Soft Drinks",Functional & Wellness Drinks
Waitrose,"Tea, Coffee & Soft Drinks",Hot Chocolate & Malts,34,"Tea, Coffee & Soft Drinks",Hot Chocolate & Malt Drinks
Waitrose,"Tea, Coffee & Soft Drinks",Juices,151,"Tea, Coffee & Soft Drinks",Juice
Waitrose,"Tea, Coffee & Soft Drinks",Kids & Lunchbox Drinks,25,"Tea, Coffee & Soft Drinks",Kids Drinks
Waitrose,"Tea, Coffee & Soft Drinks",Sports & Energy Drinks,51,"Tea, Coffee & Soft Drinks",Sports & Energy Drinks
Waitrose,"Tea, Coffee & Soft Drinks",Squash & Cordials,81,"Tea, Coffee & Soft Drinks",Squash & Cordials
Waitrose,"Tea, Coffee & Soft Drinks",Tea,239,"Tea, Coffee & Soft Drinks",Tea
Waitrose,"Tea, Coffee & Soft Drinks",Water,66,"Tea, Coffee & Soft Drinks",Water
Waitrose,"Toiletries, Health & Beauty","Bath, Shower & Soap",273,Health & Beauty,"Bath, Shower & Body Care"
Waitrose,"Toiletries, Health & Beauty",Body Care,136,Health & Beauty,"Bath, Shower & Body Care"
Waitrose,"Toiletries, Health & Beauty",Dental Care,195,Health & Beauty,Dental Care
Waitrose,"Toiletries, Health & Beauty",Deodorants & Body Sprays,107,Health & Beauty,Deodorants & Body Sprays
Waitrose,"Toiletries, Health & Beauty",Hair Care,406,Health & Beauty,Hair Care
Waitrose,"Toiletries, Health & Beauty",Health & Beauty Gifting,63,Health & Beauty,Fragrance & Gifting
Waitrose,"Toiletries, Health & Beauty",Men's Toiletries,218,Health & Beauty,Men's Toiletries
Waitrose,"Toiletries, Health & Beauty",Natural Beauty,101,Health & Beauty,Natural Beauty
Waitrose,"Toiletries, Health & Beauty",Period & Intimate Care,73,Health & Beauty,Women's Health & Toiletries
Waitrose,"Toiletries, Health & Beauty",Pharmacy & Health,495,Health & Beauty,Health & Pharmacy
Waitrose,"Toiletries, Health & Beauty",Sensitive Bladder & Incontinence,38,Health & Beauty,Incontinence Care
Waitrose,"Toiletries, Health & Beauty",Shaving & Hair Removal,65,Health & Beauty,Shaving & Hair Removal
Waitrose,"Toiletries, Health & Beauty",Sun Creams & After Sun,42,Health & Beauty,Suncare & Travel
Waitrose,"Toiletries, Health & Beauty",Tights & Socks,80,Health & Beauty,Hosiery
Waitrose,"Toiletries, Health & Beauty",Tissues,24,Health & Beauty,Tissues & Wipes
Tesco,Treats & Snacks,Biscuits & Cereal Bars,313,Treats & Snacks,"Biscuits, Crackers & Cereal Bars"
Tesco,Treats & Snacks,"Cake Bars, Slices & Bakes",129,Treats & Snacks,Cake Bars & Slices
Tesco,Treats & Snacks,"Chocolate, Sweets, Mints & Chewing Gum",413,Treats & Snacks,Chocolate & Sweets
Tesco,Treats & Snacks,Crackers & Crispbreads,106,Treats & Snacks,"Biscuits, Crackers & Cereal Bars"
Tesco,Treats & Snacks,"Crisps, Snacks, Nuts & Popcorn",346,Treats & Snacks,"Crisps, Snacks & Nuts"
Tesco,Treats & Snacks,"Dried Fruit, Nuts, Nutrient Powders & Seeds",254,Treats & Snacks,"Nuts, Seeds & Dried Fruit (Snacks)"
Tesco,Treats & Snacks,Great Night In,200,Treats & Snacks,Great Night In
Tesco,Treats & Snacks,Meat & Cheese Snacking,81,Treats & Snacks,Meat & Cheese Snacks
Tesco,Treats & Snacks,Yogurts,47,Treats & Snacks,Yogurts (Snacks)
Waitrose,Waitrose Brands,Cooks Ingredients,299,Drop,Cooks Ingredients
Waitrose,Waitrose Brands,Duchy Organic Waitrose & Partners,219,Drop,Duchy Organic Waitrose & Partners
Waitrose,Waitrose Brands,Essential Waitrose & Partners,617,Drop,Essential Waitrose & Partners
Waitrose,Waitrose Brands,Japan Menyu,14,Drop,Japan Menyu
Waitrose,Waitrose Brands,No.1 Waitrose & Partners,439,Drop,No.1 Waitrose & Partners
Waitrose,Waitrose Brands,PlantLiving,10,Drop,PlantLiving
Waitrose,Waitrose Brands,The Levantine Table,26,Drop,The Levantine Table
Waitrose,Waitrose Brands,Waitrose & Partners Foundation,40,Drop,Waitrose & Partners Foundation
